ID,FIRST_NAME,IS_DISABLED,DATE_OF_BIRTH,EMAIL,FIREBASE_UID,GENDER,IMAGE,IS_STAFF,LAST_NAME,PHONE_NUMBER,DEFAULT_ADDRESS_ID
1,N01_01_An Vu Quoc Thai,0,,thaian1000502@gmail.com,1IDcC7fMWHRsuD2VBywHimv2TBt1,,https://lh3.googleusercontent.com/a/AAcHTteWGqteAm8PvqiHgwhdsyqTco_o8c3zIj5vbqVgLYcY=s96-c,0,,,
2,Nghi Truong,0,,vntruong.us99@gmail.com,4LbAFQ33VTgELngk0bSCORG490F3,,https://lh3.googleusercontent.com/a/AAcHTtf5cWeBBskmctHQ0alOAFOedAY799csQEwHlZeqQzrEMml4=s96-c,0,,,
3,Hao Hao Hao,0,,jifei@yahoo.com,5AHT9TBLaVNhqF94IFtSMaCmp8G3,,,0,,0375863416,
4,Tú Lê,0,,tule0608@gmail.com,5Nx8JCuiWAgHIPyAkGuAdnE5V6A2,,https://lh3.googleusercontent.com/a/AAcHTtc63UX03qSeAn5I_DIbIgqq2Lvk7LgiihYF82sFwXT1=s96-c,0,,,
5,Hao Hao Hao,0,,nghilucdien@gmail.com,6tSona7cjWO4dZrXT3PnHuAZwUC3,,,0,,0375863478,
6,Le Thanh Tu (FPL HCM),0,,tultps18884@fpt.edu.vn,79iFM6gzH9MMJLLISquKkwKW0pH3,,https://lh3.googleusercontent.com/a/AAcHTtc8TBzZl1qc5zdSR87ySr4a6WSbkesbP7mfkQ96Rtwndw=s96-c,0,,,
7,Hao Nguyen,0,,nghipro9x@gmail.com,7KTzZebTokaE0wd9mDjy7ojfFvO2,,,0,,0123582659,
8,Hao Hao Hao,0,,jifei123@yahoo.com,7vfqmQURNZXLkbYUOu1j19hQgHP2,,,0,,0375863486,
9,Nghi Doe,0,,johndoe@example.com,8MqeTKF4jqgAgpORGppGQyDlSnp1,,https://example.com/profile-image.jpg,0,,0123456789,
10,Nghi Truong,0,,vntruongjsflsj@gmail.com,FqRVGsuOQDQxhbMSFzqM7LkvOGK2,,,0,,0921850113,
11,Hao Truong Tu,0,,koreanhao2032@gmail.com,KdPptJgMssf5y7WWnX2y2d3Yrcl2,,,0,,0373829126,
12,Truong Vinh Nghi (FPL HCM),0,,nghitvps19009@fpt.edu.vn,LIxqEdtxykZJiWp90uBTZN1qrSr1,,https://lh3.googleusercontent.com/a/AAcHTte_rAuF09B5Zs0jhZRCjLfWKEHE8frzEWBult6AuA0IF3s=s96-c,0,,,
13,Nghi Truong,0,,nghitv2410@gmail.com,N5ujMjOV7KS3EpJ56MthdR2VNYF3,,https://lh3.googleusercontent.com/a/AAcHTtc0TsG8fY4MeqmVMdWmEaEDJSoF6nYitDoX7-HdNUJZ=s96-c,0,,,
14,Thanh Tú,0,,letu060802@gmail.com,OOxr9eZny3fXSO60d5HOo5tYFBB2,,https://lh3.googleusercontent.com/a/AAcHTtfEz5Gb4Fvry2k9x5BLjyy_ao1hNaGihVXNyq9PiFf7jpQ=s96-c,0,,,
15,An Vũ,0,,thaian100502@gmail.com,OnL2WGfF1mTQ4uyAVpbhSnp3CMy1,,https://lh3.googleusercontent.com/a/AAcHTtfA-iFP7iXn3ky8jdOZvbhCRPJgezr-QojPBKzYSM_v=s96-c,0,,,
16,lì ghê Hao,0,,trumkp2@gmail.com,QGxBo0iQBhVq31ImsafvMJcUFVp2,,,0,,0372139040,
17,Nghi Truong Vinh,0,,koreanhao2030@gmail.com,VnM0fllULWRgzymnGGKuJY3dDSM2,,,0,,0373829124,
18,Hao Truong Tu,0,,thaian123@gmail.com,YWDek3uKXLRI0HsqYfQ01w7jJvn1,,,0,,0373829987,
19,Hao Truong Tu H2,0,,haovanghipro@gmail.com,cyhMzX7Eq1NCB54qssVNkXEHDBF3,,,0,,0373829909,
20,Hao Truong Vinh,0,,koreanhao2031@gmail.com,d7ijoBUkVJXs8BTMdzl3ZCQLo4O2,,,0,,0373829125,
21,Nghi Truong Vinh,0,,koreanhao3003@gmail.com,iTh3gj6Pu5ccMjkLEJofMeJ4knx1,,,0,,0373829123,
22,Hao Hao Hao,0,,jifeidall@yahoo.com,m0pSju1r24ghqcsFjj4nkP1pF8k1,,,0,,0375863412,
23,An Trum kho pho 2,0,,jifei123456@yahoo.com,qhagCrlN5shahRGwMqtCcR8NMBq2,,,0,,0375863696,
24,Hao Nguyen,0,,nxhao3003@gmail.com,uxGVtWlSWSSEdRQVGBU0oCKyKQz2,,https://lh3.googleusercontent.com/a/AAcHTtf679oS6gdNRFy08K7lp895_IrMc1qmICSJuxoTXIhMNg=s96-c,0,,,
25,Af Cau,0,,cauaf100502@gmail.com,xjJOJCYLUVZP2kn7XLJOV3F2xoD3,,https://lh3.googleusercontent.com/a/AAcHTtdcg6Sv5rxuhMGMUmzXf0UyT4a7A1p5TNtgySeNr_XZ=s96-c,0,,,
