ID,ADDRESS_ID,EMAIL,NOTE,PAYMENT_ID,PURCHASED_AT,STATUS,USER_ID,VOUCHER_ID
,8,,,1,2023-08-08 12:34:56,PLACED,1,
,2,john@example.com,,2,2023-08-08 13:45:12,VERIFIED,1,
,30,jane@example.com,Giao hàng nhanh chóng,3,2023-08-08 14:56:32,PREPARED,2,
,4,alice@example.com,,4,2023-08-08 15:27:18,ON_DELIVERY,2,
,29,bob@example.com,Yêu cầu gói quà,5,2023-08-08 16:18:45,COMPLETED,3,
,21,robert@example.com,,6,2023-08-08 17:29:53,FAILED,5,
,39,emily@example.com,,7,2023-08-08 18:40:20,CANCELLED,1,
,26,david@example.com,Giao vào buổi sáng,8,2023-08-08 19:51:08,DENIED,5,
,28,sophia@example.com,,9,2023-08-08 20:12:36,PLACED,3,
,23,michael@example.com,,10,2023-08-08 21:23:04,VERIFIED,5,
,32,amy@example.com,,11,2023-08-08 22:34:32,PREPARED,1,
,34,alex@example.com,Giao hàng nhanh chóng,12,2023-08-08 23:45:01,ON_DELIVERY,1,
,12,linda@example.com,,13,2023-08-09 00:56:29,COMPLETED,1,
,32,kevin@example.com,Yêu cầu gói quà,14,2023-08-09 01:07:57,FAILED,1,
,21,nancy@example.com,,15,2023-08-09 02:18:25,CANCELLED,2,
,23,steven@example.com,,16,2023-08-09 03:29:53,DENIED,2,
,16,michelle@example.com,Giao vào buổi sáng,17,2023-08-09 04:40:21,PLACED,3,
,31,daniel@example.com,,18,2023-08-09 05:51:49,VERIFIED,5,
,39,sarah@example.com,,19,2023-08-09 06:12:17,PREPARED,1,
,6,ryan@example.com,Giao hàng nhanh chóng,20,2023-08-09 07:23:45,ON_DELIVERY,5,
,8,emily@example.com,,21,2023-08-09 08:34:13,COMPLETED,3,
,2,matthew@example.com,Yêu cầu gói quà,22,2023-08-09 09:45:41,FAILED,5,
,30,olivia@example.com,,23,2023-08-09 10:56:09,CANCELLED,1,
,4,william@example.com,,24,2023-08-09 12:07:37,DENIED,1,
,29,ava@example.com,Giao vào buổi sáng,25,2023-08-09 13:18:05,PLACED,2,
,21,james@example.com,,26,2023-08-09 14:29:33,VERIFIED,5,
,39,emma@example.com,,27,2023-08-09 15:40:01,PREPARED,4,
,26,liam@example.com,Giao hàng nhanh chóng,28,2023-08-09 16:51:29,ON_DELIVERY,2,
,28,ava@example.com,,29,2023-08-09 18:02:57,COMPLETED,4,
,23,oliver@example.com,Yêu cầu gói quà,30,2023-08-09 19:14:25,FAILED,2,
,32,isabella@example.com,,31,2023-08-09 20:25:53,CANCELLED,1,
,34,sophia@example.com,,32,2023-08-09 21:37:21,DENIED,1,
,12,michael@example.com,Giao vào buổi sáng,33,2023-08-09 22:48:49,PLACED,2,
,32,ethan@example.com,,34,2023-08-09 23:59:17,VERIFIED,2,
,21,ava@example.com,,35,2023-08-10 01:10:45,PREPARED,3,
,23,olivia@example.com,Giao hàng nhanh chóng,36,2023-08-10 02:22:13,ON_DELIVERY,5,
,16,liam@example.com,,37,2023-08-10 03:33:41,COMPLETED,1,
,31,noah@example.com,Yêu cầu gói quà,38,2023-08-10 04:45:09,FAILED,5,
,39,ava@example.com,,39,2023-08-10 05:56:37,CANCELLED,3,
,6,isabella@example.com,Giao vào buổi sáng,40,2023-08-10 07:08:05,DENIED,5,
