"ID","IMAGE","NAME","SLUG"
1,https://cdn-icons-png.flaticon.com/512/882/882744.png,"Asus",asus
2,https://cdn-icons-png.flaticon.com/512/882/882726.png,"Dell",dell
3,https://cdn-icons-png.flaticon.com/512/906/906309.png,"Microsoft",microsoft
4,https://cdn-icons-png.flaticon.com/512/152/152752.png,"Apple",apple
5,https://cdn-icons-png.flaticon.com/512/882/882717.png,"Lenovo",lenovo
6,https://cdn-icons-png.flaticon.com/512/882/882749.png,"HP",hp
7,https://i.pinimg.com/originals/ee/70/a9/ee70a90951e6115e8b759744ad4ca29a.png,"MSI",msi
8,https://cdn-icons-png.flaticon.com/512/882/882748.png,"Acer",acer
9,https://cdn-icons-png.flaticon.com/512/882/882722.png,"LG",lg
10,https://cdn.freebiesupply.com/logos/large/2x/razer-logo-png-transparent.png,"Razer",razer
