ID,DESCRIPTION,IMAGE,NAME,SLUG,SPECIFICATIONS
1,Điện thoại di động,https://img.freepik.com/premium-psd/mockup-modern-smartphone_110488-1563.jpg,Điện thoại,dien-thoai,"[""Ram"",""CPU"",""Bộ nhớ trong"",""Màn hình"",""Tần số quét"",""Camera"",""Trọng lượng"",""Chất liệu""]"
2,"Laptop, gaming",https://i.ibb.co/qdfB3s6/2.webp,Laptop,laptop,"[""Ram"",""CPU"",""Card đồ hoạ"",""Bộ nhớ trong"",""Màn hình"",""Hệ điều hành"",""Kích thước"", ""Trọng lượng"",""Chất liệu""]"
3,"Giá đỡ, webcam, hub, cáp, lót chuột","https://static.wixstatic.com/media/18033e_80799d6ec7e44e5ba37c8badb01c2821~mv2.png/v1/crop/x_0,y_165,w_1080,h_787/fill/w_456,h_436,al_c,q_85,usm_0.66_1.00_0.01,enc_auto/pc_0.png",Phụ kiện,phu-kien,"[""Cổng giao tiếp"",""Độ phân giải"",""Góc quay"",""Kích thước"",""Trọng lượng""]"
4,Đồng hồ,https://www.pngmart.com/files/13/Smartwatch-PNG-Pic.png,Tivi,ti-vi,"[""Kích thước"",""Loại kết nối"",""Trọng lượng"",""Cổng""]"
5,"Tai nghe, loa",https://www.freepnglogos.com/uploads/headphones-png/headphones-beats-pro-beats-dre-22.png,Thiết bị âm thanh,thiet-bi-am-thanh,"[""Thiết kế"",""Kết nối"",""Chức năng"",""Microphone"",""Tần số phản hồi"",""Khối lượng""]"
6,"Máy in, scan, thiết bị trình chiếu",https://pngimg.com/d/scanner_PNG11373.png,Thiết bị văn phòng,thiet-bi-van-phong,"[""Băng tầng hỗ trợ"",""Chuẩn kết nối"",""Tốc độ"",""Ăng ten"",""Khổ giấy in"",""Tốc độ in""]"
7,"CPU, RAM, Ổ cứng, tản nhiệt",https://i.ibb.co/qdfB3s6/2.webp,Linh kiện máy tính,linh-kien-may-tinh,"[""Socket"",""Tốc độ"",""Bộ nhớ đệm"",""Số nhân xử lý"",""Số luồng xử lý"",""Tốc độ xử lý"",""Kiến trúc""]"
8,"Màn hình Asus, LG",https://i.ibb.co/zPDcCQY/top4.webp,Màn hình máy tính,man-hinh-may-tinh,"[""Kích thước"",""Tần số quét"",""Hiển thị màu sắc"",""Cổng hình ảnh""]"
9,Thu cũ đổi mới,https://www.trustedreviews.com/wp-content/uploads/sites/54/2018/04/LG-monitors.jpg,Hàng cũ,hang-cu,"[""Ram"",""Bộ nhớ trong"",""Màn hình""]"
