ID,IMAGES,PRICE,SKU,PRODUCT_ID,ACTIVE
1,"[""https://lh3.googleusercontent.com/Eo1G2ENRv9NYBXCL6tvyZtWnLmluUEyhAT5lvm5X3dSpzG0baTXjdJFanNzUWILSA6Q3VnVPRyw34umvbtEBHEk7LPpm101I=w1000-rw""]",1.65E+07,91a08c03-1d5b-4d34-8ae4-ef3260a4b178,1,1
2,"[""https://lh3.googleusercontent.com/Eo1G2ENRv9NYBXCL6tvyZtWnLmluUEyhAT5lvm5X3dSpzG0baTXjdJFanNzUWILSA6Q3VnVPRyw34umvbtEBHEk7LPpm101I=w1000-rw""]",2.32E+07,47842301-cafd-431d-b840-782de959a7f1,1,1
3,"[""https://lh3.googleusercontent.com/Eo1G2ENRv9NYBXCL6tvyZtWnLmluUEyhAT5lvm5X3dSpzG0baTXjdJFanNzUWILSA6Q3VnVPRyw34umvbtEBHEk7LPpm101I=w1000-rw""]",2.13E+07,214cfd63-4c92-46d5-9d81-7ea32af8037e,1,1
4,"[""https://lh3.googleusercontent.com/Eo1G2ENRv9NYBXCL6tvyZtWnLmluUEyhAT5lvm5X3dSpzG0baTXjdJFanNzUWILSA6Q3VnVPRyw34umvbtEBHEk7LPpm101I=w1000-rw""]",2.12E+07,51fefa19-15e9-4984-a15d-6660c2c50fac,1,1
5,"[""https://lh3.googleusercontent.com/Eo1G2ENRv9NYBXCL6tvyZtWnLmluUEyhAT5lvm5X3dSpzG0baTXjdJFanNzUWILSA6Q3VnVPRyw34umvbtEBHEk7LPpm101I=w1000-rw""]",1.10E+07,536ce356-b86e-45e5-9ee1-ff5c39c1194e,1,1
6,"[""https://lh3.googleusercontent.com/Eo1G2ENRv9NYBXCL6tvyZtWnLmluUEyhAT5lvm5X3dSpzG0baTXjdJFanNzUWILSA6Q3VnVPRyw34umvbtEBHEk7LPpm101I=w1000-rw""]",1.46E+07,26b64c1e-e906-429f-87c8-5db0906093bf,1,1
7,"[""https://lh3.googleusercontent.com/Eo1G2ENRv9NYBXCL6tvyZtWnLmluUEyhAT5lvm5X3dSpzG0baTXjdJFanNzUWILSA6Q3VnVPRyw34umvbtEBHEk7LPpm101I=w1000-rw""]",2.03E+07,4d8bb71e-91e7-4769-a0bc-d453f98b4a3d,1,1
8,"[""https://lh3.googleusercontent.com/Eo1G2ENRv9NYBXCL6tvyZtWnLmluUEyhAT5lvm5X3dSpzG0baTXjdJFanNzUWILSA6Q3VnVPRyw34umvbtEBHEk7LPpm101I=w1000-rw""]",1.18E+07,4423262d-ff5f-4b6f-8656-6a902e66e658,1,1
9,"[""https://lh3.googleusercontent.com/Eo1G2ENRv9NYBXCL6tvyZtWnLmluUEyhAT5lvm5X3dSpzG0baTXjdJFanNzUWILSA6Q3VnVPRyw34umvbtEBHEk7LPpm101I=w1000-rw""]",2.49E+07,6f400a91-b095-480e-a4c7-44577d15e0b8,1,1
10,"[""https://lh3.googleusercontent.com/Eo1G2ENRv9NYBXCL6tvyZtWnLmluUEyhAT5lvm5X3dSpzG0baTXjdJFanNzUWILSA6Q3VnVPRyw34umvbtEBHEk7LPpm101I=w1000-rw""]",2.78E+07,4eb4d332-7851-4aaf-8782-87b5f744e46a,1,1
11,"[""https://lh3.googleusercontent.com/wew0Z42C4jguqw3oudy4o0izMn1rTB3zAVSDXYILvd0OKyOq2zt2UIj4z94CpHAh0CX1Ehc4XFJ-XGSWmeU=w1000-rw""]",2.85E+07,52df7999-6920-421f-927c-c6b1a8ed173c,2,1
12,"[""https://lh3.googleusercontent.com/wew0Z42C4jguqw3oudy4o0izMn1rTB3zAVSDXYILvd0OKyOq2zt2UIj4z94CpHAh0CX1Ehc4XFJ-XGSWmeU=w1000-rw""]",1.04E+07,a47f279e-c90a-4d3b-95ef-e52673852ce4,2,1
13,"[""https://lh3.googleusercontent.com/wew0Z42C4jguqw3oudy4o0izMn1rTB3zAVSDXYILvd0OKyOq2zt2UIj4z94CpHAh0CX1Ehc4XFJ-XGSWmeU=w1000-rw""]",2.33E+07,ebcae174-3698-4078-af11-ae232b9a949a,2,1
14,"[""https://lh3.googleusercontent.com/wew0Z42C4jguqw3oudy4o0izMn1rTB3zAVSDXYILvd0OKyOq2zt2UIj4z94CpHAh0CX1Ehc4XFJ-XGSWmeU=w1000-rw""]",1.36E+07,e63a6aa6-58c0-4cc9-996c-6c3690d5da8d,2,1
15,"[""https://lh3.googleusercontent.com/wew0Z42C4jguqw3oudy4o0izMn1rTB3zAVSDXYILvd0OKyOq2zt2UIj4z94CpHAh0CX1Ehc4XFJ-XGSWmeU=w1000-rw""]",2.96E+07,3d4fbabe-76f5-4064-a603-c9a491782a24,2,1
16,"[""https://lh3.googleusercontent.com/wew0Z42C4jguqw3oudy4o0izMn1rTB3zAVSDXYILvd0OKyOq2zt2UIj4z94CpHAh0CX1Ehc4XFJ-XGSWmeU=w1000-rw""]",2.68E+07,02a815e8-4bb2-4ddc-9e7f-9378f263b6f0,2,1
17,"[""https://lh3.googleusercontent.com/wew0Z42C4jguqw3oudy4o0izMn1rTB3zAVSDXYILvd0OKyOq2zt2UIj4z94CpHAh0CX1Ehc4XFJ-XGSWmeU=w1000-rw""]",2.16E+07,b43cf270-7765-4c74-a8a7-e8922f75a9c6,2,1
18,"[""https://lh3.googleusercontent.com/wew0Z42C4jguqw3oudy4o0izMn1rTB3zAVSDXYILvd0OKyOq2zt2UIj4z94CpHAh0CX1Ehc4XFJ-XGSWmeU=w1000-rw""]",2.25E+07,a3cb3cae-c0a4-4b00-b0f9-56d3a8070332,2,1
19,"[""https://lh3.googleusercontent.com/wew0Z42C4jguqw3oudy4o0izMn1rTB3zAVSDXYILvd0OKyOq2zt2UIj4z94CpHAh0CX1Ehc4XFJ-XGSWmeU=w1000-rw""]",2.82E+07,af4291fb-cd89-4709-8e65-bb4ec2357222,2,1
20,"[""https://lh3.googleusercontent.com/wew0Z42C4jguqw3oudy4o0izMn1rTB3zAVSDXYILvd0OKyOq2zt2UIj4z94CpHAh0CX1Ehc4XFJ-XGSWmeU=w1000-rw""]",1.23E+07,56cda996-dc2e-453d-8156-5c49f8380d94,2,1
21,"[""https://lh3.googleusercontent.com/L8TvYv3WTqIKTvrqpwjbSRN4iZ9m483k363UfbOR88wC2WYOvwd1es33b3ctL_0ZKv1NGYv75cN4TB6zJ4h-au7L1ZNtnJk7=w1000-rw""]",1.30E+07,8de67897-8273-44b5-983e-1d413ee12063,3,1
22,"[""https://lh3.googleusercontent.com/L8TvYv3WTqIKTvrqpwjbSRN4iZ9m483k363UfbOR88wC2WYOvwd1es33b3ctL_0ZKv1NGYv75cN4TB6zJ4h-au7L1ZNtnJk7=w1000-rw""]",2.73E+07,a690ce76-0d84-4072-a308-6ea9a7fbc182,3,1
23,"[""https://lh3.googleusercontent.com/L8TvYv3WTqIKTvrqpwjbSRN4iZ9m483k363UfbOR88wC2WYOvwd1es33b3ctL_0ZKv1NGYv75cN4TB6zJ4h-au7L1ZNtnJk7=w1000-rw""]",1.41E+07,50925428-1e56-4edc-83a0-ab65e895586e,3,1
24,"[""https://lh3.googleusercontent.com/L8TvYv3WTqIKTvrqpwjbSRN4iZ9m483k363UfbOR88wC2WYOvwd1es33b3ctL_0ZKv1NGYv75cN4TB6zJ4h-au7L1ZNtnJk7=w1000-rw""]",1.95E+07,afc2c6ba-4764-4c5a-9590-aa74cf79d9c6,3,1
25,"[""https://lh3.googleusercontent.com/L8TvYv3WTqIKTvrqpwjbSRN4iZ9m483k363UfbOR88wC2WYOvwd1es33b3ctL_0ZKv1NGYv75cN4TB6zJ4h-au7L1ZNtnJk7=w1000-rw""]",1.03E+07,e8b9cc8c-643e-4c6a-b89b-71123ab2adba,3,1
26,"[""https://lh3.googleusercontent.com/L8TvYv3WTqIKTvrqpwjbSRN4iZ9m483k363UfbOR88wC2WYOvwd1es33b3ctL_0ZKv1NGYv75cN4TB6zJ4h-au7L1ZNtnJk7=w1000-rw""]",2.22E+07,f93838c5-47a5-4ba9-82a0-81890522156c,3,1
27,"[""https://lh3.googleusercontent.com/L8TvYv3WTqIKTvrqpwjbSRN4iZ9m483k363UfbOR88wC2WYOvwd1es33b3ctL_0ZKv1NGYv75cN4TB6zJ4h-au7L1ZNtnJk7=w1000-rw""]",2.53E+07,e4bb881a-7e96-4d2d-bb5e-1f646c74fa9c,3,1
28,"[""https://lh3.googleusercontent.com/L8TvYv3WTqIKTvrqpwjbSRN4iZ9m483k363UfbOR88wC2WYOvwd1es33b3ctL_0ZKv1NGYv75cN4TB6zJ4h-au7L1ZNtnJk7=w1000-rw""]",1.75E+07,9b893f9b-8252-4a50-b454-aa4f9b10cebc,3,1
29,"[""https://lh3.googleusercontent.com/L8TvYv3WTqIKTvrqpwjbSRN4iZ9m483k363UfbOR88wC2WYOvwd1es33b3ctL_0ZKv1NGYv75cN4TB6zJ4h-au7L1ZNtnJk7=w1000-rw""]",2.80E+07,df787ce1-a77a-4c12-800d-c7fc66413ac8,3,1
30,"[""https://lh3.googleusercontent.com/L8TvYv3WTqIKTvrqpwjbSRN4iZ9m483k363UfbOR88wC2WYOvwd1es33b3ctL_0ZKv1NGYv75cN4TB6zJ4h-au7L1ZNtnJk7=w1000-rw""]",1.39E+07,fd79a27a-8a78-4aaa-b8d0-e71a8c1cd565,3,1
31,"[""https://lh3.googleusercontent.com/0Q0lMqKR7EDq6as_tAt0muqPXPxUMdIhQ91c9QUCHRZiE4JTJRISEGfAxxz7DucQpiokqAZOjTpHn5pm5KO-zUKhnWDwppFL=w1000-rw""]",1.86E+07,77a8f0c1-3010-4d41-9733-3ef93961653d,4,1
32,"[""https://lh3.googleusercontent.com/0Q0lMqKR7EDq6as_tAt0muqPXPxUMdIhQ91c9QUCHRZiE4JTJRISEGfAxxz7DucQpiokqAZOjTpHn5pm5KO-zUKhnWDwppFL=w1000-rw""]",1.91E+07,e78c4c2d-aae3-4afa-9633-33735edd2e22,4,1
33,"[""https://lh3.googleusercontent.com/0Q0lMqKR7EDq6as_tAt0muqPXPxUMdIhQ91c9QUCHRZiE4JTJRISEGfAxxz7DucQpiokqAZOjTpHn5pm5KO-zUKhnWDwppFL=w1000-rw""]",1.15E+07,9646af63-012f-4c3f-a804-931abac8fb9e,4,1
34,"[""https://lh3.googleusercontent.com/0Q0lMqKR7EDq6as_tAt0muqPXPxUMdIhQ91c9QUCHRZiE4JTJRISEGfAxxz7DucQpiokqAZOjTpHn5pm5KO-zUKhnWDwppFL=w1000-rw""]",2.18E+07,51a33632-2834-4cd2-9c89-4fadfc43fa65,4,1
35,"[""https://lh3.googleusercontent.com/0Q0lMqKR7EDq6as_tAt0muqPXPxUMdIhQ91c9QUCHRZiE4JTJRISEGfAxxz7DucQpiokqAZOjTpHn5pm5KO-zUKhnWDwppFL=w1000-rw""]",2.40E+07,e0ac744c-21d5-4605-a666-e8c1650d9051,4,1
36,"[""https://lh3.googleusercontent.com/0Q0lMqKR7EDq6as_tAt0muqPXPxUMdIhQ91c9QUCHRZiE4JTJRISEGfAxxz7DucQpiokqAZOjTpHn5pm5KO-zUKhnWDwppFL=w1000-rw""]",2.91E+07,dd181206-7be9-40d8-9cd5-81f0e70a4413,4,1
37,"[""https://lh3.googleusercontent.com/0Q0lMqKR7EDq6as_tAt0muqPXPxUMdIhQ91c9QUCHRZiE4JTJRISEGfAxxz7DucQpiokqAZOjTpHn5pm5KO-zUKhnWDwppFL=w1000-rw""]",1.37E+07,6012bdd6-1d9d-43dd-be51-aae2f6f8623d,4,1
38,"[""https://lh3.googleusercontent.com/0Q0lMqKR7EDq6as_tAt0muqPXPxUMdIhQ91c9QUCHRZiE4JTJRISEGfAxxz7DucQpiokqAZOjTpHn5pm5KO-zUKhnWDwppFL=w1000-rw""]",2.42E+07,8b469c63-6694-44ba-8159-1e1a41c9cf97,4,1
39,"[""https://lh3.googleusercontent.com/0Q0lMqKR7EDq6as_tAt0muqPXPxUMdIhQ91c9QUCHRZiE4JTJRISEGfAxxz7DucQpiokqAZOjTpHn5pm5KO-zUKhnWDwppFL=w1000-rw""]",2.31E+07,6ec28f13-13a5-44c2-a5dd-c53bc026a145,4,1
40,"[""https://lh3.googleusercontent.com/0Q0lMqKR7EDq6as_tAt0muqPXPxUMdIhQ91c9QUCHRZiE4JTJRISEGfAxxz7DucQpiokqAZOjTpHn5pm5KO-zUKhnWDwppFL=w1000-rw""]",1.92E+07,53384dc7-ef6a-414d-b661-7915c24d54bd,4,1
41,"[""https://lh3.googleusercontent.com/3JFqgn1gigjmEFwG5nH6sICKnZRPHHAnMWoVRKyi2DQzb2zhihFENtO3pxAnx39EpkcPzRlGrEtB9pnKAIsMLW4Ax22OSzqtDQ=w500-rw""]",1.56E+07,e25e758d-d286-408f-990e-bd1fdec0498c,5,1
42,"[""https://lh3.googleusercontent.com/3JFqgn1gigjmEFwG5nH6sICKnZRPHHAnMWoVRKyi2DQzb2zhihFENtO3pxAnx39EpkcPzRlGrEtB9pnKAIsMLW4Ax22OSzqtDQ=w500-rw""]",1.62E+07,b161cad9-505d-46c0-b8d4-81f292a19e08,5,1
43,"[""https://lh3.googleusercontent.com/3JFqgn1gigjmEFwG5nH6sICKnZRPHHAnMWoVRKyi2DQzb2zhihFENtO3pxAnx39EpkcPzRlGrEtB9pnKAIsMLW4Ax22OSzqtDQ=w500-rw""]",2.69E+07,129f10a4-54e8-43a7-8d39-be4be8644f9b,5,1
44,"[""https://lh3.googleusercontent.com/3JFqgn1gigjmEFwG5nH6sICKnZRPHHAnMWoVRKyi2DQzb2zhihFENtO3pxAnx39EpkcPzRlGrEtB9pnKAIsMLW4Ax22OSzqtDQ=w500-rw""]",2.10E+07,5774e809-a213-44d0-9236-569f6e019165,5,1
45,"[""https://lh3.googleusercontent.com/3JFqgn1gigjmEFwG5nH6sICKnZRPHHAnMWoVRKyi2DQzb2zhihFENtO3pxAnx39EpkcPzRlGrEtB9pnKAIsMLW4Ax22OSzqtDQ=w500-rw""]",2.91E+07,d3b0313f-c444-444b-b379-03075a201c18,5,1
46,"[""https://lh3.googleusercontent.com/3JFqgn1gigjmEFwG5nH6sICKnZRPHHAnMWoVRKyi2DQzb2zhihFENtO3pxAnx39EpkcPzRlGrEtB9pnKAIsMLW4Ax22OSzqtDQ=w500-rw""]",1.21E+07,3acce08b-4158-4379-804e-e496606a6ee6,5,1
47,"[""https://lh3.googleusercontent.com/3JFqgn1gigjmEFwG5nH6sICKnZRPHHAnMWoVRKyi2DQzb2zhihFENtO3pxAnx39EpkcPzRlGrEtB9pnKAIsMLW4Ax22OSzqtDQ=w500-rw""]",2.84E+07,68936b44-68f4-47d8-9de2-bddd5e22d403,5,1
48,"[""https://lh3.googleusercontent.com/3JFqgn1gigjmEFwG5nH6sICKnZRPHHAnMWoVRKyi2DQzb2zhihFENtO3pxAnx39EpkcPzRlGrEtB9pnKAIsMLW4Ax22OSzqtDQ=w500-rw""]",2.19E+07,97c9e5e4-6d41-432e-acd4-41c2aaa303b5,5,1
49,"[""https://lh3.googleusercontent.com/3JFqgn1gigjmEFwG5nH6sICKnZRPHHAnMWoVRKyi2DQzb2zhihFENtO3pxAnx39EpkcPzRlGrEtB9pnKAIsMLW4Ax22OSzqtDQ=w500-rw""]",2.96E+07,2d55ed85-b620-4c3d-9d1e-90b07f7e9f98,5,1
50,"[""https://lh3.googleusercontent.com/3JFqgn1gigjmEFwG5nH6sICKnZRPHHAnMWoVRKyi2DQzb2zhihFENtO3pxAnx39EpkcPzRlGrEtB9pnKAIsMLW4Ax22OSzqtDQ=w500-rw""]",2.77E+07,d6a84209-5ecd-46d9-9c25-9a6e14a0910d,5,1
51,"[""https://lh3.googleusercontent.com/Jsg6-adZeI1TZnmeIT8Tpal63lIr4tLji5QjZaOWJjjXPY1blN5K9cG1MWkI7LesQj-8Xw80MVRBQwXWd9fs-kC03cyFCxo=w1000-rw""]",2.07E+07,90fc6dbe-4919-4e03-aebc-4ba79e194e18,6,1
52,"[""https://lh3.googleusercontent.com/Jsg6-adZeI1TZnmeIT8Tpal63lIr4tLji5QjZaOWJjjXPY1blN5K9cG1MWkI7LesQj-8Xw80MVRBQwXWd9fs-kC03cyFCxo=w1000-rw""]",1.76E+07,962cfcf6-a79f-4874-8fb2-3719c7e51a1b,6,1
53,"[""https://lh3.googleusercontent.com/Jsg6-adZeI1TZnmeIT8Tpal63lIr4tLji5QjZaOWJjjXPY1blN5K9cG1MWkI7LesQj-8Xw80MVRBQwXWd9fs-kC03cyFCxo=w1000-rw""]",1.59E+07,a197aa53-0ed0-484e-bba5-c24bc16ac209,6,1
54,"[""https://lh3.googleusercontent.com/Jsg6-adZeI1TZnmeIT8Tpal63lIr4tLji5QjZaOWJjjXPY1blN5K9cG1MWkI7LesQj-8Xw80MVRBQwXWd9fs-kC03cyFCxo=w1000-rw""]",1.12E+07,1e706457-3aef-4890-87bc-f91148ba65d4,6,1
55,"[""https://lh3.googleusercontent.com/Jsg6-adZeI1TZnmeIT8Tpal63lIr4tLji5QjZaOWJjjXPY1blN5K9cG1MWkI7LesQj-8Xw80MVRBQwXWd9fs-kC03cyFCxo=w1000-rw""]",1.36E+07,e176bacc-cd7e-4b7b-8d93-fc9763912179,6,1
56,"[""https://lh3.googleusercontent.com/Jsg6-adZeI1TZnmeIT8Tpal63lIr4tLji5QjZaOWJjjXPY1blN5K9cG1MWkI7LesQj-8Xw80MVRBQwXWd9fs-kC03cyFCxo=w1000-rw""]",2.96E+07,fe153d46-5d96-4a97-b907-01b638edc5f1,6,1
57,"[""https://lh3.googleusercontent.com/Jsg6-adZeI1TZnmeIT8Tpal63lIr4tLji5QjZaOWJjjXPY1blN5K9cG1MWkI7LesQj-8Xw80MVRBQwXWd9fs-kC03cyFCxo=w1000-rw""]",2.23E+07,95b40934-499c-4a64-a4ab-61fa1433588d,6,1
58,"[""https://lh3.googleusercontent.com/Jsg6-adZeI1TZnmeIT8Tpal63lIr4tLji5QjZaOWJjjXPY1blN5K9cG1MWkI7LesQj-8Xw80MVRBQwXWd9fs-kC03cyFCxo=w1000-rw""]",2.51E+07,940e2cc9-c6f6-42ec-b7ae-81e3f86afd20,6,1
59,"[""https://lh3.googleusercontent.com/Jsg6-adZeI1TZnmeIT8Tpal63lIr4tLji5QjZaOWJjjXPY1blN5K9cG1MWkI7LesQj-8Xw80MVRBQwXWd9fs-kC03cyFCxo=w1000-rw""]",1.37E+07,1db2c14e-f261-4fa0-b88a-76418be3d599,6,1
60,"[""https://lh3.googleusercontent.com/Jsg6-adZeI1TZnmeIT8Tpal63lIr4tLji5QjZaOWJjjXPY1blN5K9cG1MWkI7LesQj-8Xw80MVRBQwXWd9fs-kC03cyFCxo=w1000-rw""]",2.62E+07,640ddd16-8b9b-4a0e-8fe6-b77bb7b51308,6,1
61,"[""https://lh3.googleusercontent.com/gSrWIS9UgJSNzTol3MosdGTaToTZWnh5tl46X3ir4ny4rEk6vXxn-gcJ6IEo5WRs917dDSR0-4TNMK2BWZtPgYqYwVzsmss=w1000-rw""]",1.97E+07,9ef812bd-8ad4-4b1b-a835-2f6196edb46e,7,1
62,"[""https://lh3.googleusercontent.com/gSrWIS9UgJSNzTol3MosdGTaToTZWnh5tl46X3ir4ny4rEk6vXxn-gcJ6IEo5WRs917dDSR0-4TNMK2BWZtPgYqYwVzsmss=w1000-rw""]",1.33E+07,8a8dd67b-f46e-4354-afa2-b03e8e37c055,7,1
63,"[""https://lh3.googleusercontent.com/gSrWIS9UgJSNzTol3MosdGTaToTZWnh5tl46X3ir4ny4rEk6vXxn-gcJ6IEo5WRs917dDSR0-4TNMK2BWZtPgYqYwVzsmss=w1000-rw""]",1.39E+07,3d18bc98-9919-4476-8c7b-da8bbdc850cc,7,1
64,"[""https://lh3.googleusercontent.com/gSrWIS9UgJSNzTol3MosdGTaToTZWnh5tl46X3ir4ny4rEk6vXxn-gcJ6IEo5WRs917dDSR0-4TNMK2BWZtPgYqYwVzsmss=w1000-rw""]",2.96E+07,2df35202-17ce-43ef-812f-f27a418e7773,7,1
65,"[""https://lh3.googleusercontent.com/gSrWIS9UgJSNzTol3MosdGTaToTZWnh5tl46X3ir4ny4rEk6vXxn-gcJ6IEo5WRs917dDSR0-4TNMK2BWZtPgYqYwVzsmss=w1000-rw""]",1.99E+07,11f61700-a45e-4c56-91f0-402d7a521852,7,1
66,"[""https://lh3.googleusercontent.com/gSrWIS9UgJSNzTol3MosdGTaToTZWnh5tl46X3ir4ny4rEk6vXxn-gcJ6IEo5WRs917dDSR0-4TNMK2BWZtPgYqYwVzsmss=w1000-rw""]",2.76E+07,cbec7b8c-e93b-43fd-93c9-3e5a98510edd,7,1
67,"[""https://lh3.googleusercontent.com/gSrWIS9UgJSNzTol3MosdGTaToTZWnh5tl46X3ir4ny4rEk6vXxn-gcJ6IEo5WRs917dDSR0-4TNMK2BWZtPgYqYwVzsmss=w1000-rw""]",1.84E+07,eb665295-931c-41f4-85f0-19d184239520,7,1
68,"[""https://lh3.googleusercontent.com/gSrWIS9UgJSNzTol3MosdGTaToTZWnh5tl46X3ir4ny4rEk6vXxn-gcJ6IEo5WRs917dDSR0-4TNMK2BWZtPgYqYwVzsmss=w1000-rw""]",2.15E+07,aec65142-a0e5-4213-8444-b650748483d4,7,1
69,"[""https://lh3.googleusercontent.com/gSrWIS9UgJSNzTol3MosdGTaToTZWnh5tl46X3ir4ny4rEk6vXxn-gcJ6IEo5WRs917dDSR0-4TNMK2BWZtPgYqYwVzsmss=w1000-rw""]",1.73E+07,a56189c2-4175-44ee-99b6-bfca7a605031,7,1
70,"[""https://lh3.googleusercontent.com/gSrWIS9UgJSNzTol3MosdGTaToTZWnh5tl46X3ir4ny4rEk6vXxn-gcJ6IEo5WRs917dDSR0-4TNMK2BWZtPgYqYwVzsmss=w1000-rw""]",1.50E+07,465a471c-76f2-465c-8c1b-8d93b8e716ab,7,1
71,"[""https://lh3.googleusercontent.com/EbLo9fFCx8OcgWr8dxP1ulnB96POm_d1PD6R3DLv30MFjoLR_J19oN10Mhg-Wyqbsq6FBYkybx6MIEPwfY3E0av5d74WZ2w0=w1000-rw""]",1.95E+07,3da61a57-79fc-409b-98b3-8279c4f968f1,8,1
72,"[""https://lh3.googleusercontent.com/EbLo9fFCx8OcgWr8dxP1ulnB96POm_d1PD6R3DLv30MFjoLR_J19oN10Mhg-Wyqbsq6FBYkybx6MIEPwfY3E0av5d74WZ2w0=w1000-rw""]",1.01E+07,b64da537-00c2-44a5-8406-b54509fc6245,8,1
73,"[""https://lh3.googleusercontent.com/EbLo9fFCx8OcgWr8dxP1ulnB96POm_d1PD6R3DLv30MFjoLR_J19oN10Mhg-Wyqbsq6FBYkybx6MIEPwfY3E0av5d74WZ2w0=w1000-rw""]",1.22E+07,436db7dc-3f5f-4095-8d9f-30b246faaa25,8,1
74,"[""https://lh3.googleusercontent.com/EbLo9fFCx8OcgWr8dxP1ulnB96POm_d1PD6R3DLv30MFjoLR_J19oN10Mhg-Wyqbsq6FBYkybx6MIEPwfY3E0av5d74WZ2w0=w1000-rw""]",1.75E+07,bb363d12-8162-4222-af4d-16896b7b199b,8,1
75,"[""https://lh3.googleusercontent.com/EbLo9fFCx8OcgWr8dxP1ulnB96POm_d1PD6R3DLv30MFjoLR_J19oN10Mhg-Wyqbsq6FBYkybx6MIEPwfY3E0av5d74WZ2w0=w1000-rw""]",3.00E+07,8385f55f-103d-4385-b53c-21bf99f285fa,8,1
76,"[""https://lh3.googleusercontent.com/EbLo9fFCx8OcgWr8dxP1ulnB96POm_d1PD6R3DLv30MFjoLR_J19oN10Mhg-Wyqbsq6FBYkybx6MIEPwfY3E0av5d74WZ2w0=w1000-rw""]",1.95E+07,9ebbf18f-22b1-4db7-8250-b587bc19f89b,8,1
77,"[""https://lh3.googleusercontent.com/EbLo9fFCx8OcgWr8dxP1ulnB96POm_d1PD6R3DLv30MFjoLR_J19oN10Mhg-Wyqbsq6FBYkybx6MIEPwfY3E0av5d74WZ2w0=w1000-rw""]",2.88E+07,d04c0d44-bd8f-4cd6-9195-bb683459fa6c,8,1
78,"[""https://lh3.googleusercontent.com/EbLo9fFCx8OcgWr8dxP1ulnB96POm_d1PD6R3DLv30MFjoLR_J19oN10Mhg-Wyqbsq6FBYkybx6MIEPwfY3E0av5d74WZ2w0=w1000-rw""]",2.23E+07,75d7a952-16b5-4803-a82c-37485b2d74a5,8,1
79,"[""https://lh3.googleusercontent.com/EbLo9fFCx8OcgWr8dxP1ulnB96POm_d1PD6R3DLv30MFjoLR_J19oN10Mhg-Wyqbsq6FBYkybx6MIEPwfY3E0av5d74WZ2w0=w1000-rw""]",2.82E+07,ffeed506-37a3-4715-8504-0836228674a6,8,1
80,"[""https://lh3.googleusercontent.com/EbLo9fFCx8OcgWr8dxP1ulnB96POm_d1PD6R3DLv30MFjoLR_J19oN10Mhg-Wyqbsq6FBYkybx6MIEPwfY3E0av5d74WZ2w0=w1000-rw""]",1.27E+07,a7c549ab-640f-48bd-938e-1dd2555c1a7a,8,1
81,"[""https://lh3.googleusercontent.com/gSrWIS9UgJSNzTol3MosdGTaToTZWnh5tl46X3ir4ny4rEk6vXxn-gcJ6IEo5WRs917dDSR0-4TNMK2BWZtPgYqYwVzsmss=w1000-rw""]",1.25E+07,1a64858d-649e-43e2-8723-018613e7043d,9,1
82,"[""https://lh3.googleusercontent.com/gSrWIS9UgJSNzTol3MosdGTaToTZWnh5tl46X3ir4ny4rEk6vXxn-gcJ6IEo5WRs917dDSR0-4TNMK2BWZtPgYqYwVzsmss=w1000-rw""]",2.07E+07,88ef53ee-a2e7-406d-8dc5-4ed7bf482b76,9,1
83,"[""https://lh3.googleusercontent.com/gSrWIS9UgJSNzTol3MosdGTaToTZWnh5tl46X3ir4ny4rEk6vXxn-gcJ6IEo5WRs917dDSR0-4TNMK2BWZtPgYqYwVzsmss=w1000-rw""]",1.14E+07,a390aaa7-6487-401e-99a4-78ae8390f714,9,1
84,"[""https://lh3.googleusercontent.com/gSrWIS9UgJSNzTol3MosdGTaToTZWnh5tl46X3ir4ny4rEk6vXxn-gcJ6IEo5WRs917dDSR0-4TNMK2BWZtPgYqYwVzsmss=w1000-rw""]",1.69E+07,e5a3b67e-162c-4a5a-935f-917ba704c654,9,1
85,"[""https://lh3.googleusercontent.com/gSrWIS9UgJSNzTol3MosdGTaToTZWnh5tl46X3ir4ny4rEk6vXxn-gcJ6IEo5WRs917dDSR0-4TNMK2BWZtPgYqYwVzsmss=w1000-rw""]",2.01E+07,b195f1d7-74bc-4e06-9d1e-719a0e2b5e2e,9,1
86,"[""https://lh3.googleusercontent.com/gSrWIS9UgJSNzTol3MosdGTaToTZWnh5tl46X3ir4ny4rEk6vXxn-gcJ6IEo5WRs917dDSR0-4TNMK2BWZtPgYqYwVzsmss=w1000-rw""]",2.00E+07,432e851d-38d4-466c-b97d-1127a13f3166,9,1
87,"[""https://lh3.googleusercontent.com/gSrWIS9UgJSNzTol3MosdGTaToTZWnh5tl46X3ir4ny4rEk6vXxn-gcJ6IEo5WRs917dDSR0-4TNMK2BWZtPgYqYwVzsmss=w1000-rw""]",2.80E+07,c856b722-c565-45c8-9022-cc77b6de615f,9,1
88,"[""https://lh3.googleusercontent.com/gSrWIS9UgJSNzTol3MosdGTaToTZWnh5tl46X3ir4ny4rEk6vXxn-gcJ6IEo5WRs917dDSR0-4TNMK2BWZtPgYqYwVzsmss=w1000-rw""]",2.99E+07,6fc11994-2438-46b3-a900-dedff49ce0fa,9,1
89,"[""https://lh3.googleusercontent.com/gSrWIS9UgJSNzTol3MosdGTaToTZWnh5tl46X3ir4ny4rEk6vXxn-gcJ6IEo5WRs917dDSR0-4TNMK2BWZtPgYqYwVzsmss=w1000-rw""]",2.61E+07,f97c8a0a-5717-4ee4-9487-d87e301b376c,9,1
90,"[""https://lh3.googleusercontent.com/gSrWIS9UgJSNzTol3MosdGTaToTZWnh5tl46X3ir4ny4rEk6vXxn-gcJ6IEo5WRs917dDSR0-4TNMK2BWZtPgYqYwVzsmss=w1000-rw""]",1.97E+07,29825c31-cb6c-426b-8779-7e220cbf7a3e,9,1
91,"[""https://lh3.googleusercontent.com/N6Z7HuCnJBk0rVTvzsX4mChnt2e-YPluZ-Y9EoB-vmYr3vkvqWWOuRqTczwWsiQxB9qMORptWTAi9U4cFPp1_kKH2-MfuJYY=w1000-rw""]",2.58E+07,d41fe444-58bd-4c3d-94ae-3e736ca6c982,10,1
92,"[""https://lh3.googleusercontent.com/N6Z7HuCnJBk0rVTvzsX4mChnt2e-YPluZ-Y9EoB-vmYr3vkvqWWOuRqTczwWsiQxB9qMORptWTAi9U4cFPp1_kKH2-MfuJYY=w1000-rw""]",2.83E+07,79d372a5-5c30-4238-a6ed-24b7cfdf82c1,10,1
93,"[""https://lh3.googleusercontent.com/N6Z7HuCnJBk0rVTvzsX4mChnt2e-YPluZ-Y9EoB-vmYr3vkvqWWOuRqTczwWsiQxB9qMORptWTAi9U4cFPp1_kKH2-MfuJYY=w1000-rw""]",2.67E+07,674cd0a8-fa88-44a6-861c-90de98fa5423,10,1
94,"[""https://lh3.googleusercontent.com/N6Z7HuCnJBk0rVTvzsX4mChnt2e-YPluZ-Y9EoB-vmYr3vkvqWWOuRqTczwWsiQxB9qMORptWTAi9U4cFPp1_kKH2-MfuJYY=w1000-rw""]",2.51E+07,5a0fbc3a-6dd6-41ef-b949-48918cbbb86c,10,1
95,"[""https://lh3.googleusercontent.com/N6Z7HuCnJBk0rVTvzsX4mChnt2e-YPluZ-Y9EoB-vmYr3vkvqWWOuRqTczwWsiQxB9qMORptWTAi9U4cFPp1_kKH2-MfuJYY=w1000-rw""]",1.74E+07,07d57c46-8abd-4334-b998-557b914ed31a,10,1
96,"[""https://lh3.googleusercontent.com/N6Z7HuCnJBk0rVTvzsX4mChnt2e-YPluZ-Y9EoB-vmYr3vkvqWWOuRqTczwWsiQxB9qMORptWTAi9U4cFPp1_kKH2-MfuJYY=w1000-rw""]",2.77E+07,5f0d292f-8622-4ecd-a873-ded3cccedb16,10,1
97,"[""https://lh3.googleusercontent.com/N6Z7HuCnJBk0rVTvzsX4mChnt2e-YPluZ-Y9EoB-vmYr3vkvqWWOuRqTczwWsiQxB9qMORptWTAi9U4cFPp1_kKH2-MfuJYY=w1000-rw""]",2.13E+07,a4a8d46b-759a-48a9-bf27-2f651dd9f652,10,1
98,"[""https://lh3.googleusercontent.com/N6Z7HuCnJBk0rVTvzsX4mChnt2e-YPluZ-Y9EoB-vmYr3vkvqWWOuRqTczwWsiQxB9qMORptWTAi9U4cFPp1_kKH2-MfuJYY=w1000-rw""]",2.22E+07,4098e96a-8f10-49ae-85df-2145f9c2dbbc,10,1
99,"[""https://lh3.googleusercontent.com/N6Z7HuCnJBk0rVTvzsX4mChnt2e-YPluZ-Y9EoB-vmYr3vkvqWWOuRqTczwWsiQxB9qMORptWTAi9U4cFPp1_kKH2-MfuJYY=w1000-rw""]",2.83E+07,fd98fced-f0ee-4f9e-9479-6cb83e1b383c,10,1
100,"[""https://lh3.googleusercontent.com/N6Z7HuCnJBk0rVTvzsX4mChnt2e-YPluZ-Y9EoB-vmYr3vkvqWWOuRqTczwWsiQxB9qMORptWTAi9U4cFPp1_kKH2-MfuJYY=w1000-rw""]",2.16E+07,a56ee013-2a47-4dbb-b754-02e72d7b9062,10,1
101,"[""https://lh3.googleusercontent.com/4Xc3fZhZ9Zgm8RNvVDNJBGN6Y4jL3mpJWnkKTwV9Cj7HHW4WShNTjTeabkzGDwQNcJmy_fOnlWfpzTLQEu9qd6a2FRbUwzTNFw=w1000-rw""]",1.16E+07,eb20ad01-32b4-4b20-825b-31359b1afec5,11,1
102,"[""https://lh3.googleusercontent.com/4Xc3fZhZ9Zgm8RNvVDNJBGN6Y4jL3mpJWnkKTwV9Cj7HHW4WShNTjTeabkzGDwQNcJmy_fOnlWfpzTLQEu9qd6a2FRbUwzTNFw=w1000-rw""]",1.44E+07,d09ff797-7601-488c-b031-e9ac1f8e5cb5,11,1
103,"[""https://lh3.googleusercontent.com/4Xc3fZhZ9Zgm8RNvVDNJBGN6Y4jL3mpJWnkKTwV9Cj7HHW4WShNTjTeabkzGDwQNcJmy_fOnlWfpzTLQEu9qd6a2FRbUwzTNFw=w1000-rw""]",1.39E+07,9048b9f9-17f4-41c4-9472-9378b2de8387,11,1
104,"[""https://lh3.googleusercontent.com/4Xc3fZhZ9Zgm8RNvVDNJBGN6Y4jL3mpJWnkKTwV9Cj7HHW4WShNTjTeabkzGDwQNcJmy_fOnlWfpzTLQEu9qd6a2FRbUwzTNFw=w1000-rw""]",2.66E+07,4dd7cc71-b04d-4481-9884-6591539c3252,11,1
105,"[""https://lh3.googleusercontent.com/4Xc3fZhZ9Zgm8RNvVDNJBGN6Y4jL3mpJWnkKTwV9Cj7HHW4WShNTjTeabkzGDwQNcJmy_fOnlWfpzTLQEu9qd6a2FRbUwzTNFw=w1000-rw""]",2.85E+07,14fc9641-8f52-48bc-80c4-1ff570c5a1aa,11,1
106,"[""https://lh3.googleusercontent.com/4Xc3fZhZ9Zgm8RNvVDNJBGN6Y4jL3mpJWnkKTwV9Cj7HHW4WShNTjTeabkzGDwQNcJmy_fOnlWfpzTLQEu9qd6a2FRbUwzTNFw=w1000-rw""]",1.99E+07,2a2412f8-68a8-44c1-9a96-eef264d32eaa,11,1
107,"[""https://lh3.googleusercontent.com/4Xc3fZhZ9Zgm8RNvVDNJBGN6Y4jL3mpJWnkKTwV9Cj7HHW4WShNTjTeabkzGDwQNcJmy_fOnlWfpzTLQEu9qd6a2FRbUwzTNFw=w1000-rw""]",2.53E+07,273200b1-d168-4b60-a2ad-43b1f8aab0ba,11,1
108,"[""https://lh3.googleusercontent.com/4Xc3fZhZ9Zgm8RNvVDNJBGN6Y4jL3mpJWnkKTwV9Cj7HHW4WShNTjTeabkzGDwQNcJmy_fOnlWfpzTLQEu9qd6a2FRbUwzTNFw=w1000-rw""]",1.94E+07,c63cccb0-95b8-459c-ac05-e7e9809611da,11,1
109,"[""https://lh3.googleusercontent.com/4Xc3fZhZ9Zgm8RNvVDNJBGN6Y4jL3mpJWnkKTwV9Cj7HHW4WShNTjTeabkzGDwQNcJmy_fOnlWfpzTLQEu9qd6a2FRbUwzTNFw=w1000-rw""]",1.25E+07,e6adf40e-0e5d-4236-8e86-ef14f14bd923,11,1
110,"[""https://lh3.googleusercontent.com/4Xc3fZhZ9Zgm8RNvVDNJBGN6Y4jL3mpJWnkKTwV9Cj7HHW4WShNTjTeabkzGDwQNcJmy_fOnlWfpzTLQEu9qd6a2FRbUwzTNFw=w1000-rw""]",1.37E+07,e7e3e8ce-bd72-45c8-8c80-ab44c110cadd,11,1
111,"[""https://lh3.googleusercontent.com/ddlXG183z3vgu7TRHHfIht5_i5KOD5m8lxrfza7MNBOGfG7nylHs0lBjoKv9n11KAILazAm28cOwcONqYfNJVk2WkKRPf2vH=w1000-rw""]",2.84E+07,fca64bb9-1dc5-4682-907a-1df6bb3d0eb3,12,1
112,"[""https://lh3.googleusercontent.com/ddlXG183z3vgu7TRHHfIht5_i5KOD5m8lxrfza7MNBOGfG7nylHs0lBjoKv9n11KAILazAm28cOwcONqYfNJVk2WkKRPf2vH=w1000-rw""]",2.58E+07,635e8d85-c011-47ae-b01d-de2b6095b2fd,12,1
113,"[""https://lh3.googleusercontent.com/ddlXG183z3vgu7TRHHfIht5_i5KOD5m8lxrfza7MNBOGfG7nylHs0lBjoKv9n11KAILazAm28cOwcONqYfNJVk2WkKRPf2vH=w1000-rw""]",1.88E+07,e1b59ba6-bc4a-49af-ab9d-02e072bf24ec,12,1
114,"[""https://lh3.googleusercontent.com/ddlXG183z3vgu7TRHHfIht5_i5KOD5m8lxrfza7MNBOGfG7nylHs0lBjoKv9n11KAILazAm28cOwcONqYfNJVk2WkKRPf2vH=w1000-rw""]",1.76E+07,f24659dc-35e4-4036-94a1-847abb4c2e44,12,1
115,"[""https://lh3.googleusercontent.com/ddlXG183z3vgu7TRHHfIht5_i5KOD5m8lxrfza7MNBOGfG7nylHs0lBjoKv9n11KAILazAm28cOwcONqYfNJVk2WkKRPf2vH=w1000-rw""]",2.66E+07,4fdaea9c-0d76-4225-a554-df0b2b31c9d8,12,1
116,"[""https://lh3.googleusercontent.com/ddlXG183z3vgu7TRHHfIht5_i5KOD5m8lxrfza7MNBOGfG7nylHs0lBjoKv9n11KAILazAm28cOwcONqYfNJVk2WkKRPf2vH=w1000-rw""]",2.29E+07,302867c6-66e8-46a7-81e7-7eeeb98583b8,12,1
117,"[""https://lh3.googleusercontent.com/ddlXG183z3vgu7TRHHfIht5_i5KOD5m8lxrfza7MNBOGfG7nylHs0lBjoKv9n11KAILazAm28cOwcONqYfNJVk2WkKRPf2vH=w1000-rw""]",1.21E+07,0098e0f1-73ed-4d80-a81f-960dbb44eef3,12,1
118,"[""https://lh3.googleusercontent.com/ddlXG183z3vgu7TRHHfIht5_i5KOD5m8lxrfza7MNBOGfG7nylHs0lBjoKv9n11KAILazAm28cOwcONqYfNJVk2WkKRPf2vH=w1000-rw""]",2.26E+07,3422743b-d669-4ac9-bd0d-d0d6ec1c013d,12,1
119,"[""https://lh3.googleusercontent.com/ddlXG183z3vgu7TRHHfIht5_i5KOD5m8lxrfza7MNBOGfG7nylHs0lBjoKv9n11KAILazAm28cOwcONqYfNJVk2WkKRPf2vH=w1000-rw""]",1.48E+07,06d12242-d08f-4d63-a255-22b66a5fc4bb,12,1
120,"[""https://lh3.googleusercontent.com/ddlXG183z3vgu7TRHHfIht5_i5KOD5m8lxrfza7MNBOGfG7nylHs0lBjoKv9n11KAILazAm28cOwcONqYfNJVk2WkKRPf2vH=w1000-rw""]",2.54E+07,d572f3f4-d067-4c0d-9d37-5e04eee0d781,12,1
121,"[""https://lh3.googleusercontent.com/ptO5jTnRkc8dP3Y5mv17bTNg6OmKyziIfOFTj_ZPq_A2zfuy6czAkcXNq8pThQuMIvLopweRfle4g9DenbxYHGPgEla6yrAKQw=w1000-rw""]",2.69E+07,beee665d-a566-4d74-8789-87ab7468003a,13,1
122,"[""https://lh3.googleusercontent.com/ptO5jTnRkc8dP3Y5mv17bTNg6OmKyziIfOFTj_ZPq_A2zfuy6czAkcXNq8pThQuMIvLopweRfle4g9DenbxYHGPgEla6yrAKQw=w1000-rw""]",2.74E+07,171d2918-acf6-4611-b33f-8d0abf4f6fe6,13,1
123,"[""https://lh3.googleusercontent.com/ptO5jTnRkc8dP3Y5mv17bTNg6OmKyziIfOFTj_ZPq_A2zfuy6czAkcXNq8pThQuMIvLopweRfle4g9DenbxYHGPgEla6yrAKQw=w1000-rw""]",1.91E+07,5d563892-3b80-424c-8013-b697291f7a7e,13,1
124,"[""https://lh3.googleusercontent.com/ptO5jTnRkc8dP3Y5mv17bTNg6OmKyziIfOFTj_ZPq_A2zfuy6czAkcXNq8pThQuMIvLopweRfle4g9DenbxYHGPgEla6yrAKQw=w1000-rw""]",2.68E+07,d479fa7e-66d5-4904-8a82-eb0d9ccca22d,13,1
125,"[""https://lh3.googleusercontent.com/ptO5jTnRkc8dP3Y5mv17bTNg6OmKyziIfOFTj_ZPq_A2zfuy6czAkcXNq8pThQuMIvLopweRfle4g9DenbxYHGPgEla6yrAKQw=w1000-rw""]",2.08E+07,bed696e0-5e15-4937-9a6b-821110a02f3d,13,1
126,"[""https://lh3.googleusercontent.com/ptO5jTnRkc8dP3Y5mv17bTNg6OmKyziIfOFTj_ZPq_A2zfuy6czAkcXNq8pThQuMIvLopweRfle4g9DenbxYHGPgEla6yrAKQw=w1000-rw""]",1.12E+07,eaf21c4b-3ea4-4c44-8d01-07331cfc91b2,13,1
127,"[""https://lh3.googleusercontent.com/ptO5jTnRkc8dP3Y5mv17bTNg6OmKyziIfOFTj_ZPq_A2zfuy6czAkcXNq8pThQuMIvLopweRfle4g9DenbxYHGPgEla6yrAKQw=w1000-rw""]",1.86E+07,e596a0bd-fb22-4e5b-b85c-73f1061a2acd,13,1
128,"[""https://lh3.googleusercontent.com/ptO5jTnRkc8dP3Y5mv17bTNg6OmKyziIfOFTj_ZPq_A2zfuy6czAkcXNq8pThQuMIvLopweRfle4g9DenbxYHGPgEla6yrAKQw=w1000-rw""]",1.13E+07,e02081b1-4fc3-41a1-a9e9-7fd72140c266,13,1
129,"[""https://lh3.googleusercontent.com/ptO5jTnRkc8dP3Y5mv17bTNg6OmKyziIfOFTj_ZPq_A2zfuy6czAkcXNq8pThQuMIvLopweRfle4g9DenbxYHGPgEla6yrAKQw=w1000-rw""]",2.05E+07,de55d2d5-270b-45d2-96d3-0cec35301a8a,13,1
130,"[""https://lh3.googleusercontent.com/ptO5jTnRkc8dP3Y5mv17bTNg6OmKyziIfOFTj_ZPq_A2zfuy6czAkcXNq8pThQuMIvLopweRfle4g9DenbxYHGPgEla6yrAKQw=w1000-rw""]",1.01E+07,d8b4e8d6-ebf7-41b3-850f-112bf05b943a,13,1
131,"[""https://lh3.googleusercontent.com/bfMEAqLupCvcpKtMN39DDpJwAQxHTBmIq6Mh0zvT6x973O-4lBWC4B2BG7L4X-CvB4MB9qspgCRzSGrrtTI01jhuFXT1JppDkA=w1000-rw""]",1.06E+07,0a8604f7-a434-4b95-b439-4a15c9a425ff,14,1
132,"[""https://lh3.googleusercontent.com/bfMEAqLupCvcpKtMN39DDpJwAQxHTBmIq6Mh0zvT6x973O-4lBWC4B2BG7L4X-CvB4MB9qspgCRzSGrrtTI01jhuFXT1JppDkA=w1000-rw""]",2.59E+07,cf3178e0-2c4d-4e26-a3f3-bdd24bd90a38,14,1
133,"[""https://lh3.googleusercontent.com/bfMEAqLupCvcpKtMN39DDpJwAQxHTBmIq6Mh0zvT6x973O-4lBWC4B2BG7L4X-CvB4MB9qspgCRzSGrrtTI01jhuFXT1JppDkA=w1000-rw""]",1.47E+07,65e86e40-f22c-49b6-97f8-228e00205c30,14,1
134,"[""https://lh3.googleusercontent.com/bfMEAqLupCvcpKtMN39DDpJwAQxHTBmIq6Mh0zvT6x973O-4lBWC4B2BG7L4X-CvB4MB9qspgCRzSGrrtTI01jhuFXT1JppDkA=w1000-rw""]",2.36E+07,cf8c9932-1fac-4bad-8bde-5145576697ba,14,1
135,"[""https://lh3.googleusercontent.com/bfMEAqLupCvcpKtMN39DDpJwAQxHTBmIq6Mh0zvT6x973O-4lBWC4B2BG7L4X-CvB4MB9qspgCRzSGrrtTI01jhuFXT1JppDkA=w1000-rw""]",1.71E+07,95fc3842-03e3-4573-8fcd-26e95d432450,14,1
136,"[""https://lh3.googleusercontent.com/bfMEAqLupCvcpKtMN39DDpJwAQxHTBmIq6Mh0zvT6x973O-4lBWC4B2BG7L4X-CvB4MB9qspgCRzSGrrtTI01jhuFXT1JppDkA=w1000-rw""]",1.18E+07,66dd3ce6-945c-4474-96be-ba5b8f131d17,14,1
137,"[""https://lh3.googleusercontent.com/bfMEAqLupCvcpKtMN39DDpJwAQxHTBmIq6Mh0zvT6x973O-4lBWC4B2BG7L4X-CvB4MB9qspgCRzSGrrtTI01jhuFXT1JppDkA=w1000-rw""]",2.72E+07,57ae2ec9-de4b-4c09-b11f-dbd2e48db573,14,1
138,"[""https://lh3.googleusercontent.com/bfMEAqLupCvcpKtMN39DDpJwAQxHTBmIq6Mh0zvT6x973O-4lBWC4B2BG7L4X-CvB4MB9qspgCRzSGrrtTI01jhuFXT1JppDkA=w1000-rw""]",1.08E+07,63bd0c70-e9e2-4c78-b273-997a0bc8742d,14,1
139,"[""https://lh3.googleusercontent.com/bfMEAqLupCvcpKtMN39DDpJwAQxHTBmIq6Mh0zvT6x973O-4lBWC4B2BG7L4X-CvB4MB9qspgCRzSGrrtTI01jhuFXT1JppDkA=w1000-rw""]",1.11E+07,c1e069d7-7d9f-4c25-8e6a-99a82460021f,14,1
140,"[""https://lh3.googleusercontent.com/bfMEAqLupCvcpKtMN39DDpJwAQxHTBmIq6Mh0zvT6x973O-4lBWC4B2BG7L4X-CvB4MB9qspgCRzSGrrtTI01jhuFXT1JppDkA=w1000-rw""]",1.93E+07,3e7689ea-3c50-42f4-a037-ad6245f48b09,14,1
141,"[""https://lh3.googleusercontent.com/_CqktMqtQd1GcYrGx_t3mzSCB8Wr7OCbYjsCfYkd3YYXWYQcGBZF4Y_hBUEIcVjoKUra32b-pDLQmz8QGKehHx-Kv4Fr50so=w1000-rw""]",1.15E+07,4a60c3c4-bc44-430a-8169-1f306f3020c8,15,1
142,"[""https://lh3.googleusercontent.com/_CqktMqtQd1GcYrGx_t3mzSCB8Wr7OCbYjsCfYkd3YYXWYQcGBZF4Y_hBUEIcVjoKUra32b-pDLQmz8QGKehHx-Kv4Fr50so=w1000-rw""]",1.17E+07,484149ef-7edf-4d49-a11a-892f35989138,15,1
143,"[""https://lh3.googleusercontent.com/_CqktMqtQd1GcYrGx_t3mzSCB8Wr7OCbYjsCfYkd3YYXWYQcGBZF4Y_hBUEIcVjoKUra32b-pDLQmz8QGKehHx-Kv4Fr50so=w1000-rw""]",1.81E+07,d90df58d-9088-4cb9-81f0-58e552bc82b8,15,1
144,"[""https://lh3.googleusercontent.com/_CqktMqtQd1GcYrGx_t3mzSCB8Wr7OCbYjsCfYkd3YYXWYQcGBZF4Y_hBUEIcVjoKUra32b-pDLQmz8QGKehHx-Kv4Fr50so=w1000-rw""]",2.63E+07,c8a58c68-eba2-4108-8dbd-1f55d1c5a6e3,15,1
145,"[""https://lh3.googleusercontent.com/_CqktMqtQd1GcYrGx_t3mzSCB8Wr7OCbYjsCfYkd3YYXWYQcGBZF4Y_hBUEIcVjoKUra32b-pDLQmz8QGKehHx-Kv4Fr50so=w1000-rw""]",2.06E+07,746b130d-eaaa-45b4-9ad7-3b8661c501b6,15,1
146,"[""https://lh3.googleusercontent.com/_CqktMqtQd1GcYrGx_t3mzSCB8Wr7OCbYjsCfYkd3YYXWYQcGBZF4Y_hBUEIcVjoKUra32b-pDLQmz8QGKehHx-Kv4Fr50so=w1000-rw""]",2.75E+07,456f8ef5-79e8-4e7d-b764-b04e407360d3,15,1
147,"[""https://lh3.googleusercontent.com/_CqktMqtQd1GcYrGx_t3mzSCB8Wr7OCbYjsCfYkd3YYXWYQcGBZF4Y_hBUEIcVjoKUra32b-pDLQmz8QGKehHx-Kv4Fr50so=w1000-rw""]",1.80E+07,f5ceafd9-f3e1-47ad-8e8e-abb18726c531,15,1
148,"[""https://lh3.googleusercontent.com/_CqktMqtQd1GcYrGx_t3mzSCB8Wr7OCbYjsCfYkd3YYXWYQcGBZF4Y_hBUEIcVjoKUra32b-pDLQmz8QGKehHx-Kv4Fr50so=w1000-rw""]",2.71E+07,471922ec-cbb8-4c6d-bd26-e5214b547059,15,1
149,"[""https://lh3.googleusercontent.com/_CqktMqtQd1GcYrGx_t3mzSCB8Wr7OCbYjsCfYkd3YYXWYQcGBZF4Y_hBUEIcVjoKUra32b-pDLQmz8QGKehHx-Kv4Fr50so=w1000-rw""]",2.60E+07,e33c5e6a-cd76-4d2b-b5a2-fd661a034147,15,1
150,"[""https://lh3.googleusercontent.com/_CqktMqtQd1GcYrGx_t3mzSCB8Wr7OCbYjsCfYkd3YYXWYQcGBZF4Y_hBUEIcVjoKUra32b-pDLQmz8QGKehHx-Kv4Fr50so=w1000-rw""]",2.28E+07,d2e908e9-7f10-48b1-b2bd-a2c9b86a46cc,15,1
151,"[""https://lh3.googleusercontent.com/WlvgoTJHhQx6sDMFdWGuEdbrbnJUBTAOJn2RC9_bxqEi2uj_aG7ij3e0s9pC3io6U8BDWunGaxmQdCt7WA4GP_p1W7HECGVkgQ=w1000-rw""]",1.46E+07,078e5d96-b4a5-45dd-828e-e340056c7439,16,1
152,"[""https://lh3.googleusercontent.com/WlvgoTJHhQx6sDMFdWGuEdbrbnJUBTAOJn2RC9_bxqEi2uj_aG7ij3e0s9pC3io6U8BDWunGaxmQdCt7WA4GP_p1W7HECGVkgQ=w1000-rw""]",1.60E+07,8d8d8fcb-d90f-4043-8493-18dd2a7031bc,16,1
153,"[""https://lh3.googleusercontent.com/WlvgoTJHhQx6sDMFdWGuEdbrbnJUBTAOJn2RC9_bxqEi2uj_aG7ij3e0s9pC3io6U8BDWunGaxmQdCt7WA4GP_p1W7HECGVkgQ=w1000-rw""]",2.46E+07,03594bc7-d446-4a88-8590-79c28e868e8f,16,1
154,"[""https://lh3.googleusercontent.com/WlvgoTJHhQx6sDMFdWGuEdbrbnJUBTAOJn2RC9_bxqEi2uj_aG7ij3e0s9pC3io6U8BDWunGaxmQdCt7WA4GP_p1W7HECGVkgQ=w1000-rw""]",1.24E+07,83b4e949-683e-43b5-a351-52be932091dd,16,1
155,"[""https://lh3.googleusercontent.com/WlvgoTJHhQx6sDMFdWGuEdbrbnJUBTAOJn2RC9_bxqEi2uj_aG7ij3e0s9pC3io6U8BDWunGaxmQdCt7WA4GP_p1W7HECGVkgQ=w1000-rw""]",2.64E+07,83b75f65-8afb-468b-acef-aa0f8b3f0717,16,1
156,"[""https://lh3.googleusercontent.com/WlvgoTJHhQx6sDMFdWGuEdbrbnJUBTAOJn2RC9_bxqEi2uj_aG7ij3e0s9pC3io6U8BDWunGaxmQdCt7WA4GP_p1W7HECGVkgQ=w1000-rw""]",1.33E+07,00e41976-d39c-4d45-ba0c-7eb01ada5eb0,16,1
157,"[""https://lh3.googleusercontent.com/WlvgoTJHhQx6sDMFdWGuEdbrbnJUBTAOJn2RC9_bxqEi2uj_aG7ij3e0s9pC3io6U8BDWunGaxmQdCt7WA4GP_p1W7HECGVkgQ=w1000-rw""]",1.49E+07,4b2ed7a8-985c-4325-872e-f27324f32768,16,1
158,"[""https://lh3.googleusercontent.com/WlvgoTJHhQx6sDMFdWGuEdbrbnJUBTAOJn2RC9_bxqEi2uj_aG7ij3e0s9pC3io6U8BDWunGaxmQdCt7WA4GP_p1W7HECGVkgQ=w1000-rw""]",1.15E+07,1f472f85-de95-4ac2-865e-92c0e3faaa9c,16,1
159,"[""https://lh3.googleusercontent.com/WlvgoTJHhQx6sDMFdWGuEdbrbnJUBTAOJn2RC9_bxqEi2uj_aG7ij3e0s9pC3io6U8BDWunGaxmQdCt7WA4GP_p1W7HECGVkgQ=w1000-rw""]",2.62E+07,04695624-4f85-4024-b5a5-0072fe599562,16,1
160,"[""https://lh3.googleusercontent.com/WlvgoTJHhQx6sDMFdWGuEdbrbnJUBTAOJn2RC9_bxqEi2uj_aG7ij3e0s9pC3io6U8BDWunGaxmQdCt7WA4GP_p1W7HECGVkgQ=w1000-rw""]",1.99E+07,373541ab-756d-40b8-8960-246358b95f2f,16,1
161,"[""https://lh3.googleusercontent.com/qtHHWWpJ5RcfIPsyRTTOiIhQdQnkQiZH8WbzdfP5OhMXTui5OKoY8-ZD-q3MZaEftlQDJy6HLQSnED-jePaiWQSk2Uj7FeQT=w1000-rw""]",1.03E+07,fb17893f-8ab4-4ada-8d5c-b8faa5d92865,17,1
162,"[""https://lh3.googleusercontent.com/qtHHWWpJ5RcfIPsyRTTOiIhQdQnkQiZH8WbzdfP5OhMXTui5OKoY8-ZD-q3MZaEftlQDJy6HLQSnED-jePaiWQSk2Uj7FeQT=w1000-rw""]",1.35E+07,5ee05094-f096-4fde-857a-e40e726fbdda,17,1
163,"[""https://lh3.googleusercontent.com/qtHHWWpJ5RcfIPsyRTTOiIhQdQnkQiZH8WbzdfP5OhMXTui5OKoY8-ZD-q3MZaEftlQDJy6HLQSnED-jePaiWQSk2Uj7FeQT=w1000-rw""]",1.16E+07,e5e43099-61fb-4cda-b352-8bfe68325e7f,17,1
164,"[""https://lh3.googleusercontent.com/qtHHWWpJ5RcfIPsyRTTOiIhQdQnkQiZH8WbzdfP5OhMXTui5OKoY8-ZD-q3MZaEftlQDJy6HLQSnED-jePaiWQSk2Uj7FeQT=w1000-rw""]",2.21E+07,71a04bf0-f4ea-45e9-99c5-c511affa4edc,17,1
165,"[""https://lh3.googleusercontent.com/qtHHWWpJ5RcfIPsyRTTOiIhQdQnkQiZH8WbzdfP5OhMXTui5OKoY8-ZD-q3MZaEftlQDJy6HLQSnED-jePaiWQSk2Uj7FeQT=w1000-rw""]",2.81E+07,2fe1cdec-5424-49e3-90ed-198762e1564d,17,1
166,"[""https://lh3.googleusercontent.com/qtHHWWpJ5RcfIPsyRTTOiIhQdQnkQiZH8WbzdfP5OhMXTui5OKoY8-ZD-q3MZaEftlQDJy6HLQSnED-jePaiWQSk2Uj7FeQT=w1000-rw""]",2.16E+07,79e50b5e-1b11-4670-948a-c77a379a5db5,17,1
167,"[""https://lh3.googleusercontent.com/qtHHWWpJ5RcfIPsyRTTOiIhQdQnkQiZH8WbzdfP5OhMXTui5OKoY8-ZD-q3MZaEftlQDJy6HLQSnED-jePaiWQSk2Uj7FeQT=w1000-rw""]",2.79E+07,838de33d-770d-4c7d-995a-8f0d0fe96f09,17,1
168,"[""https://lh3.googleusercontent.com/qtHHWWpJ5RcfIPsyRTTOiIhQdQnkQiZH8WbzdfP5OhMXTui5OKoY8-ZD-q3MZaEftlQDJy6HLQSnED-jePaiWQSk2Uj7FeQT=w1000-rw""]",1.68E+07,ee0ad517-9bf7-4375-b4b5-7b89f57953cf,17,1
169,"[""https://lh3.googleusercontent.com/qtHHWWpJ5RcfIPsyRTTOiIhQdQnkQiZH8WbzdfP5OhMXTui5OKoY8-ZD-q3MZaEftlQDJy6HLQSnED-jePaiWQSk2Uj7FeQT=w1000-rw""]",1.62E+07,b0daf4c0-2fa5-4849-8d9b-9307d8d22c86,17,1
170,"[""https://lh3.googleusercontent.com/qtHHWWpJ5RcfIPsyRTTOiIhQdQnkQiZH8WbzdfP5OhMXTui5OKoY8-ZD-q3MZaEftlQDJy6HLQSnED-jePaiWQSk2Uj7FeQT=w1000-rw""]",2.18E+07,e5335d31-a116-4e16-9139-55a6a4c20942,17,1
171,"[""https://lh3.googleusercontent.com/C0iFdblbVcX1RR99ymRi_IaDEedowGBxqmAXTM3eTVZxa0TpR6QA-7va2hlLj50aS5mS2u9NVXx_zgQlYAI43617DVbkFiw=w1000-rw""]",1.66E+07,129918ba-2149-42ba-9e3f-c7f3d21ccc9d,18,1
172,"[""https://lh3.googleusercontent.com/C0iFdblbVcX1RR99ymRi_IaDEedowGBxqmAXTM3eTVZxa0TpR6QA-7va2hlLj50aS5mS2u9NVXx_zgQlYAI43617DVbkFiw=w1000-rw""]",2.36E+07,53dfe7fd-4e5c-4b12-bcca-30b726f7ff6a,18,1
173,"[""https://lh3.googleusercontent.com/C0iFdblbVcX1RR99ymRi_IaDEedowGBxqmAXTM3eTVZxa0TpR6QA-7va2hlLj50aS5mS2u9NVXx_zgQlYAI43617DVbkFiw=w1000-rw""]",1.83E+07,72cbce2f-ba37-4621-80a5-76506eb697d6,18,1
174,"[""https://lh3.googleusercontent.com/C0iFdblbVcX1RR99ymRi_IaDEedowGBxqmAXTM3eTVZxa0TpR6QA-7va2hlLj50aS5mS2u9NVXx_zgQlYAI43617DVbkFiw=w1000-rw""]",2.02E+07,dd816da6-3c18-4e3e-b2a9-805698cbc31c,18,1
175,"[""https://lh3.googleusercontent.com/C0iFdblbVcX1RR99ymRi_IaDEedowGBxqmAXTM3eTVZxa0TpR6QA-7va2hlLj50aS5mS2u9NVXx_zgQlYAI43617DVbkFiw=w1000-rw""]",1.81E+07,fbf21f9a-d422-47d6-8ba8-7df2d27feb23,18,1
176,"[""https://lh3.googleusercontent.com/C0iFdblbVcX1RR99ymRi_IaDEedowGBxqmAXTM3eTVZxa0TpR6QA-7va2hlLj50aS5mS2u9NVXx_zgQlYAI43617DVbkFiw=w1000-rw""]",1.94E+07,95e7ed94-26c3-47e7-bce4-55d1314b2571,18,1
177,"[""https://lh3.googleusercontent.com/C0iFdblbVcX1RR99ymRi_IaDEedowGBxqmAXTM3eTVZxa0TpR6QA-7va2hlLj50aS5mS2u9NVXx_zgQlYAI43617DVbkFiw=w1000-rw""]",1.28E+07,21297987-0c16-4da5-8e75-5dadfaffc79d,18,1
178,"[""https://lh3.googleusercontent.com/C0iFdblbVcX1RR99ymRi_IaDEedowGBxqmAXTM3eTVZxa0TpR6QA-7va2hlLj50aS5mS2u9NVXx_zgQlYAI43617DVbkFiw=w1000-rw""]",1.56E+07,58d999d8-b3b7-4efc-9648-264fb5298510,18,1
179,"[""https://lh3.googleusercontent.com/C0iFdblbVcX1RR99ymRi_IaDEedowGBxqmAXTM3eTVZxa0TpR6QA-7va2hlLj50aS5mS2u9NVXx_zgQlYAI43617DVbkFiw=w1000-rw""]",2.55E+07,f79e9100-1b3f-490c-9f6a-0f1adf528e2b,18,1
180,"[""https://lh3.googleusercontent.com/C0iFdblbVcX1RR99ymRi_IaDEedowGBxqmAXTM3eTVZxa0TpR6QA-7va2hlLj50aS5mS2u9NVXx_zgQlYAI43617DVbkFiw=w1000-rw""]",2.29E+07,023aeafe-8800-4fd2-bf0b-283070bded45,18,1
181,"[""https://lh3.googleusercontent.com/SSw3Ad8N232-nANCqPvpG_9EEgkOsdPpFTKeq4NVg2tE4ELRxb5U0Yt7KRmSC8k1HIkQluK3tqBGY5cyvIAkkhRTjQba0F3YrA=w1000-rw""]",2.93E+07,699edb27-95b2-427a-a2f3-041ca4663b10,19,1
182,"[""https://lh3.googleusercontent.com/SSw3Ad8N232-nANCqPvpG_9EEgkOsdPpFTKeq4NVg2tE4ELRxb5U0Yt7KRmSC8k1HIkQluK3tqBGY5cyvIAkkhRTjQba0F3YrA=w1000-rw""]",1.35E+07,a5607183-f1f2-4f95-b566-16be3ce58104,19,1
183,"[""https://lh3.googleusercontent.com/SSw3Ad8N232-nANCqPvpG_9EEgkOsdPpFTKeq4NVg2tE4ELRxb5U0Yt7KRmSC8k1HIkQluK3tqBGY5cyvIAkkhRTjQba0F3YrA=w1000-rw""]",1.56E+07,c290f642-6633-43ac-8a42-eeabbe66dc90,19,1
184,"[""https://lh3.googleusercontent.com/SSw3Ad8N232-nANCqPvpG_9EEgkOsdPpFTKeq4NVg2tE4ELRxb5U0Yt7KRmSC8k1HIkQluK3tqBGY5cyvIAkkhRTjQba0F3YrA=w1000-rw""]",1.95E+07,6b2ccaa1-602e-474c-92cb-4ff25dc6003a,19,1
185,"[""https://lh3.googleusercontent.com/SSw3Ad8N232-nANCqPvpG_9EEgkOsdPpFTKeq4NVg2tE4ELRxb5U0Yt7KRmSC8k1HIkQluK3tqBGY5cyvIAkkhRTjQba0F3YrA=w1000-rw""]",2.55E+07,a44ef2b7-4be2-4937-afc1-e21176fcc99d,19,1
186,"[""https://lh3.googleusercontent.com/SSw3Ad8N232-nANCqPvpG_9EEgkOsdPpFTKeq4NVg2tE4ELRxb5U0Yt7KRmSC8k1HIkQluK3tqBGY5cyvIAkkhRTjQba0F3YrA=w1000-rw""]",2.26E+07,453482b4-3852-4868-824e-2278e792e23d,19,1
187,"[""https://lh3.googleusercontent.com/SSw3Ad8N232-nANCqPvpG_9EEgkOsdPpFTKeq4NVg2tE4ELRxb5U0Yt7KRmSC8k1HIkQluK3tqBGY5cyvIAkkhRTjQba0F3YrA=w1000-rw""]",1.98E+07,5c4c72b1-a5a3-459d-a351-9f0b221385ae,19,1
188,"[""https://lh3.googleusercontent.com/SSw3Ad8N232-nANCqPvpG_9EEgkOsdPpFTKeq4NVg2tE4ELRxb5U0Yt7KRmSC8k1HIkQluK3tqBGY5cyvIAkkhRTjQba0F3YrA=w1000-rw""]",2.64E+07,a15e2e15-79fa-4caa-ab74-9a54ee106256,19,1
189,"[""https://lh3.googleusercontent.com/SSw3Ad8N232-nANCqPvpG_9EEgkOsdPpFTKeq4NVg2tE4ELRxb5U0Yt7KRmSC8k1HIkQluK3tqBGY5cyvIAkkhRTjQba0F3YrA=w1000-rw""]",2.54E+07,4951e3da-ff43-4abb-9e30-5cc548392923,19,1
190,"[""https://lh3.googleusercontent.com/SSw3Ad8N232-nANCqPvpG_9EEgkOsdPpFTKeq4NVg2tE4ELRxb5U0Yt7KRmSC8k1HIkQluK3tqBGY5cyvIAkkhRTjQba0F3YrA=w1000-rw""]",2.25E+07,b75deb72-423f-42f4-b1fb-1751dd25c074,19,1
191,"[""https://lh3.googleusercontent.com/N6Z7HuCnJBk0rVTvzsX4mChnt2e-YPluZ-Y9EoB-vmYr3vkvqWWOuRqTczwWsiQxB9qMORptWTAi9U4cFPp1_kKH2-MfuJYY=w1000-rw""]",1.98E+07,3b0c5c43-21c4-417c-ac48-109333a2e38a,20,1
192,"[""https://lh3.googleusercontent.com/N6Z7HuCnJBk0rVTvzsX4mChnt2e-YPluZ-Y9EoB-vmYr3vkvqWWOuRqTczwWsiQxB9qMORptWTAi9U4cFPp1_kKH2-MfuJYY=w1000-rw""]",2.28E+07,0f2ae237-48c7-4f48-80e5-4d2d670736c8,20,1
193,"[""https://lh3.googleusercontent.com/N6Z7HuCnJBk0rVTvzsX4mChnt2e-YPluZ-Y9EoB-vmYr3vkvqWWOuRqTczwWsiQxB9qMORptWTAi9U4cFPp1_kKH2-MfuJYY=w1000-rw""]",1.97E+07,71a7f4e7-0c15-4362-89e8-bf0103d924ea,20,1
194,"[""https://lh3.googleusercontent.com/N6Z7HuCnJBk0rVTvzsX4mChnt2e-YPluZ-Y9EoB-vmYr3vkvqWWOuRqTczwWsiQxB9qMORptWTAi9U4cFPp1_kKH2-MfuJYY=w1000-rw""]",1.38E+07,602c690a-f582-4d53-a85d-e29baeac48c5,20,1
195,"[""https://lh3.googleusercontent.com/N6Z7HuCnJBk0rVTvzsX4mChnt2e-YPluZ-Y9EoB-vmYr3vkvqWWOuRqTczwWsiQxB9qMORptWTAi9U4cFPp1_kKH2-MfuJYY=w1000-rw""]",2.92E+07,1acc6b04-0629-4fea-bc59-49b4269b4244,20,1
196,"[""https://lh3.googleusercontent.com/N6Z7HuCnJBk0rVTvzsX4mChnt2e-YPluZ-Y9EoB-vmYr3vkvqWWOuRqTczwWsiQxB9qMORptWTAi9U4cFPp1_kKH2-MfuJYY=w1000-rw""]",3.00E+07,abe7631a-9330-4a9b-9d81-28438bfc3441,20,1
197,"[""https://lh3.googleusercontent.com/N6Z7HuCnJBk0rVTvzsX4mChnt2e-YPluZ-Y9EoB-vmYr3vkvqWWOuRqTczwWsiQxB9qMORptWTAi9U4cFPp1_kKH2-MfuJYY=w1000-rw""]",2.29E+07,c6f601ac-1cb2-4464-a3a5-70c3ca244d96,20,1
198,"[""https://lh3.googleusercontent.com/N6Z7HuCnJBk0rVTvzsX4mChnt2e-YPluZ-Y9EoB-vmYr3vkvqWWOuRqTczwWsiQxB9qMORptWTAi9U4cFPp1_kKH2-MfuJYY=w1000-rw""]",1.38E+07,74fa603f-6152-45d8-b7fd-57a81d0432b7,20,1
199,"[""https://lh3.googleusercontent.com/N6Z7HuCnJBk0rVTvzsX4mChnt2e-YPluZ-Y9EoB-vmYr3vkvqWWOuRqTczwWsiQxB9qMORptWTAi9U4cFPp1_kKH2-MfuJYY=w1000-rw""]",1.63E+07,42973df8-d754-461c-a783-9edec5041dd2,20,1
200,"[""https://lh3.googleusercontent.com/N6Z7HuCnJBk0rVTvzsX4mChnt2e-YPluZ-Y9EoB-vmYr3vkvqWWOuRqTczwWsiQxB9qMORptWTAi9U4cFPp1_kKH2-MfuJYY=w1000-rw""]",2.62E+07,15c87b46-6717-42d6-8caa-dc770246996e,20,1
