ID,CODE,DESCRIPTION,MIN_ORDER_AMOUNT,MAX_DISCOUNT_AMOUNT,START_DATE,EXPIRATION_DATE,LIMIT_USAGE,USER_LIMIT_USAGE,DISCOUNT
1,SUMMER10,Summer Sale - 10% off,50.00,20.00,2023-08-08 00:00:00,2023-08-31 23:59:59,100,1,10
2,WELCOME15,Welcome Discount - 15% off,30.00,25.00,2023-08-08 00:00:00,2023-12-31 23:59:59,500,2,15
3,FREESHIP,Free Shipping on Orders Over $50,50.00,10.00,2023-08-15 00:00:00,2023-09-15 23:59:59,200,1,16
4,BDAYGIFT,Birthday Gift - $10 off,20.00,10.00,2023-08-08 00:00:00,2023-08-31 23:59:59,50,1,12
5,FLASHSALE20,Flash Sale - 20% off,75.00,30.00,2023-08-20 00:00:00,2023-08-22 23:59:59,100,1,13
6,HOLIDAY25,Holiday Discount - 25% off,40.00,15.00,2023-12-01 00:00:00,2023-12-25 23:59:59,300,2,25
7,NEWYEAR10,New Year Sale - 10% off,50.00,20.00,2024-01-01 00:00:00,2024-01-10 23:59:59,50,1,30
8,CLEARANCE50,Clearance Sale - 50% off,0.00,50.00,2023-08-08 00:00:00,2023-08-31 23:59:59,200,1,15
9,SPECIAL5,Special Discount - $5 off,15.00,5.00,2023-08-08 00:00:00,2023-09-15 23:59:59,150,1,10
10,EASTER20,Easter Sale - 20% off,30.00,20.00,2024-04-01 00:00:00,2024-04-10 23:59:59,100,1,8
